Name,Probability,Class
seq1,0.9337846610085861,APP
seq2,0.9340627184669716,APP
seq3,0.4593740973321439,non-APP
seq4,0.32883508671923317,non-APP
seq5,0.08450514025272761,non-APP
seq6,0.3752976915386987,non-APP
seq7,0.7979977866841181,APP
seq8,0.86119868250981,APP
seq9,0.8402786033380367,APP
seq10,0.3421948971121412,non-APP
